"thank u, next_lyrics"
Bored_lyrics
Moral of the Story_lyrics
So Sick_lyrics
Please Don't Go_lyrics
"thank u, next_lyrics"
Love Me_lyrics
Blinding Lights_lyrics
This Love_lyrics
Please Don't Go_lyrics
This Love_lyrics
There's Nothing Holdin' Me Back_lyrics
Hero_lyrics
We Don't Talk Anymore (feat. Selena Gomez)_lyrics
Stone Cold_lyrics
You Are The Reason_lyrics
I Feel It Coming_lyrics
Stereo Hearts (feat. Adam Levine)_lyrics
Tonight (I'm Lovin' You)_lyrics
ily (i love you baby) (feat. Emilee)_lyrics
